<?xml version='1.0' encoding='UTF-8'?>
<!DOCTYPE hibernate-configuration PUBLIC
          "-//Hibernate/Hibernate Configuration DTD 3.0//EN"
          "http://hibernate.sourceforge.net/hibernate-configuration-3.0.dtd">

<!-- Generated by MyEclipse Hibernate Tools.                   -->
<hibernate-configuration>

	<session-factory>
		<property name="dialect">
			org.hibernate.dialect.MySQLDialect
		</property>
		<property name="connection.url">
			jdbc:mysql://localhost/globaltoll
		</property>
		<property name="connection.username">root</property>
		<property name="connection.password">Ameoba1947</property>
		<property name="connection.driver_class">
			com.mysql.jdbc.Driver
		</property>
		<property name="myeclipse.connection.profile">mysql</property>
		<property name="cache.provider_class">org.hibernate.cache.NoCacheProvider</property>
		 <mapping
			resource="/hbm/model/VmlType.hbm.xml" />
		 <mapping
			resource="/hbm/model/ComponentVersion.hbm.xml" />
		<mapping
			resource="/hbm/model/TollLocation.hbm.xml" />
		  <mapping
			resource="/hbm/model/Configuration.hbm.xml" />
		 <mapping
			resource="/hbm/model/UserPaymentDetailHistory.hbm.xml" />
		<mapping
			resource="/hbm/model/VehicleTollUsage.hbm.xml" />
		<mapping
			resource="/hbm/model/UserBalanceLog.hbm.xml" />
		<mapping
			resource="/hbm/model/UserService.hbm.xml" />
		<mapping
			resource="/hbm/model/UserPaymentDetail.hbm.xml" />
		<mapping
			resource="/hbm/model/User.hbm.xml" />
		 <mapping
			resource="/hbm/model/VehicleMovementLog.hbm.xml" />
		<mapping
			resource="/hbm/model/UserBalance.hbm.xml" />
		 <mapping
			resource="/hbm/model/TollLocationHistory.hbm.xml" />
		<mapping
			resource="/hbm/model/UserVehicle.hbm.xml" />
		<mapping
			resource="/hbm/model/VehicleType.hbm.xml" />
		 <mapping
			resource="/hbm/model/Component.hbm.xml" />
		<mapping
			resource="/hbm/model/CcType.hbm.xml" />
		 <mapping
			resource="/hbm/model/TollPrice.hbm.xml" />
		<mapping
			resource="/hbm/model/UserHistory.hbm.xml" />
		<mapping
			resource="/hbm/model/OwnerType.hbm.xml" />
		<mapping
			resource="/hbm/model/ServicePlan.hbm.xml" />
		<mapping
			resource="/hbm/model/UserType.hbm.xml" />
		<mapping
			resource="/hbm/model/TollOperator.hbm.xml" />
		 <mapping
			resource="/hbm/model/TollPriceHistory.hbm.xml" />
		<mapping
			resource="/hbm/model/Client.hbm.xml" />
		<mapping
			resource="/hbm/model/UserVehicleHistory.hbm.xml" />
		 <mapping
			resource="/hbm/model/PaymentTransaction.hbm.xml" />
		<mapping
			resource="/hbm/model/Device.hbm.xml" />
		<mapping
			resource="/hbm/model/DeviceHistory.hbm.xml" />
	</session-factory>

</hibernate-configuration>