<?xml version="1.0"?>
<!DOCTYPE beans
    PUBLIC "-//SPRING//DTD BEAN//EN"
    "http://www.springframework.org/dtd/spring-beans.dtd"
>
<beans>
    <!-- <bean id="online.daoTemplate" abstract="true" dependency-check="all">
        <property name="sessionFactory" ref="onlineSessionFactory" />
    </bean>
	-->
    <!-- <bean id="dao.tolls.accountDeatailsDao" class="com.mobisol.tolls.daoImpl.HibernateAccountDetailsDao" parent="online.daoTemplate"/>-->
	
	<bean id="dao.tollpayments.vehicleTypeDao" class="com.mobisols.tollpayments.daoImpl.VehicleTypeDaoImpl" />
	<bean id="dao.tollpayments.userDao" class="com.mobisols.tollpayments.daoImpl.UserDaoImpl"/>
	<bean id="dao.tollpayments.ccTypeDao" class="com.mobisols.tollpayments.daoImpl.CcTypeDaoImpl"/>
	<bean id="dao.tollpayments.ownerTypeDao" class="com.mobisols.tollpayments.daoImpl.OwnerTypeDaoImpl"/>
	<bean id="dao.tollpayments.vmlTypeDao" class="com.mobisols.tollpayments.daoImpl.VmlTypeDaoImpl"/>
	<bean id="dao.tollpayments.tollLocationDao" class="com.mobisols.tollpayments.daoImpl.TollLocationDaoImpl"/>
	<bean id="dao.tollpayments.servicePlanDao" class="com.mobisols.tollpayments.daoImpl.ServicePlanDaoImpl"/>
	<bean id="dao.tollpayments.vmlDao" class="com.mobisols.tollpayments.daoImpl.VmlDaoImpl"/>
	<bean id="dao.tollpayments.deviceDao" class="com.mobisols.tollpayments.daoImpl.DeviceDaoImpl"/>
	<bean id="dao.tollpayments.userVehicleHistoryDao" class="com.mobisols.tollpayments.daoImpl.UserVehicleHistoryDaoImpl"/>
	<bean id="dao.tollpayments.userPaymentDetailDao" class="com.mobisols.tollpayments.daoImpl.UserPaymentDetailDaoImpl"/>
	<bean id="dao.tollpayments.componentDao" class="com.mobisols.tollpayments.daoImpl.ComponentDaoImpl"/>
	<bean id="dao.tollpayments.userVehicleDao" class="com.mobisols.tollpayments.daoImpl.UserVehicleDaoImpl"/>
	<bean id="dao.tollpayments.userBalanceDao" class="com.mobisols.tollpayments.daoImpl.UserBalanceDaoImpl"/>
</beans>