<?xml version="1.0" encoding="utf-8"?>
<!DOCTYPE hibernate-mapping PUBLIC "-//Hibernate/Hibernate Mapping DTD 3.0//EN"
                                   "http://hibernate.sourceforge.net/hibernate-mapping-3.0.dtd">
<!-- 
    Mapping file autogenerated by MyEclipse Persistence Tools
-->
<hibernate-mapping>
 <class catalog="globaltoll"
  name="com.mobisols.tollpayments.hibernate.entity.CcType" table="cc_type">
  <!--  <meta attribute="class-description">This class contains credit card type details.</meta>-->
  <id name="ccTypeId" type="java.lang.Integer">
   <column name="cc_type_id"/>
  </id>
  <property generated="never" lazy="false" name="name" type="java.lang.String">
   <column length="45" name="name"/>
  </property>
  <property generated="never" lazy="false" name="description" type="java.lang.String">
   <column length="1000" name="description"/>
  </property>
  <property generated="never" lazy="false" name="udf1" type="java.lang.String">
   <column length="1000" name="udf1"/>
  </property>
  <property generated="never" lazy="false" name="udf2" type="java.lang.String" >
   <column length="1000" name="udf2"/>
  </property>
  <property generated="never" lazy="false" name="udf3" type="java.lang.String" >
   <column length="1000" name="udf3"/>
  </property>
  <property generated="never" lazy="false" name="udf4" type="java.lang.String" >
   <column length="1000" name="udf4"/>
  </property>
  <property generated="never" lazy="false" name="udf5" type="java.lang.String" >
   <column length="1000" name="udf5"/>
  </property>
  <property generated="never" lazy="false" name="flag1" type="java.lang.String" >
   <column length="1" name="flag1"/>
  </property>
  <property generated="never" lazy="false" name="flag2" type="java.lang.String" >
   <column length="1" name="flag2"/>
  </property>
  <property generated="never" lazy="false" name="flag3" type="java.lang.String" >
   <column length="1" name="flag3"/>
  </property>
  <property generated="never" lazy="false" name="flag4" type="java.lang.String" >
   <column length="1" name="flag4"/>
  </property>
  <property generated="never" lazy="false" name="flag5" type="java.lang.String" >
   <column length="1" name="flag5"/>
  </property>
  <property generated="never" lazy="false" name="createdOn" type="java.sql.Timestamp" >
   <column length="19" name="created_on"/>
  </property>
  <property generated="never" lazy="false" name="lastModifiedOn" type="java.sql.Timestamp" >
   <column length="19" name="last_modified_on"/>
  </property>
  <property generated="never" lazy="false" name="lastModifiedBy" type="java.lang.Integer" >
   <column name="last_modified_by"/>
  </property>
  <property generated="never" lazy="false" name="clientId" type="java.lang.Integer" >
   <column name="client_id"/>
  </property>
 
       
 <filter name="clientIdFilter" condition=":clientId = client_id"/>
    </class>
    <filter-def name="clientIdFilter">
    	<filter-param name="clientId" type="java.lang.Integer"/>
	</filter-def>
</hibernate-mapping>
