<?xml version="1.0" encoding="utf-8"?>
<!DOCTYPE hibernate-mapping PUBLIC "-//Hibernate/Hibernate Mapping DTD 3.0//EN"
"http://hibernate.sourceforge.net/hibernate-mapping-3.0.dtd">
<!-- 
    Mapping file autogenerated by MyEclipse Persistence Tools
-->
<hibernate-mapping>
<meta attribute="class-description"> This class has configuration details</meta>
    <class name="com.mobisols.tollpayments.hibernate.entity.Configuration" table="configuration" catalog="globaltoll">
            <id name="configId" type="java.lang.Integer">
                <column name="config_id" />
            </id>
            <property name="compVersionId" type="java.lang.Integer" >
                <column name="comp_version_id" />
            </property>
            <property name="key" type="java.lang.String" >
                <column name="key" length="45" />
            </property>
            <property name="value" type="java.lang.String">
                <column name="value" length="1000" />
            </property>
            <property name="udf1" type="java.lang.String">
                <column name="udf1" length="1000" />
            </property>
            <property name="udf2" type="java.lang.String">
                <column name="udf2" length="1000" />
            </property>
            <property name="udf3" type="java.lang.String">
                <column name="udf3" length="1000" />
            </property>
            <property name="udf4" type="java.lang.String">
                <column name="udf4" length="1000" />
            </property>
            <property name="udf5" type="java.lang.String">
                <column name="udf5" length="1000" />
            </property>
            <property name="flag1" type="java.lang.String">
                <column name="flag1" length="1" />
            </property>
            <property name="flag2" type="java.lang.String">
                <column name="flag2" length="1" />
            </property>
            <property name="flag3" type="java.lang.String">
                <column name="flag3" length="1" />
            </property>
            <property name="flag4" type="java.lang.String">
                <column name="flag4" length="1" />
            </property>
            <property name="flag5" type="java.lang.String">
                <column name="flag5" length="1" />
            </property>
            <property name="createdOn" type="java.sql.Timestamp">
                <column name="created_on" length="19" />
            </property>
            <property name="lastModifiedOn" type="java.sql.Timestamp">
                <column name="last_modified_on" length="19" />
            </property>
            <property name="lastModifiedBy" type="java.lang.Integer">
                <column name="last_modified_by" />
            </property>
            
            <many-to-one name="componentVersion"
			class="com.mobisols.tollpayments.hibernate.entity.ComponentVersion"
			column="comp_version_id"
			cascade="save-update"
			insert="false"
			update="false"
			unique="true"/>
			
    </class>
</hibernate-mapping>
