<?xml version="1.0" encoding="utf-8"?>
<!DOCTYPE hibernate-mapping PUBLIC "-//Hibernate/Hibernate Mapping DTD 3.0//EN"
"http://hibernate.sourceforge.net/hibernate-mapping-3.0.dtd">
<!-- 
    Mapping file autogenerated by MyEclipse Persistence Tools
-->
<hibernate-mapping>
    <class name="com.mobisols.tollpayments.hibernate.entity.User" table="user" catalog="globaltoll">
    <meta attribute="class-description">This class contains user login details.</meta>
            <id name="userId" type="java.lang.Integer">
                <column name="user_id" />
                 <generator class="native"/>
            </id>
            <property name="clientId" type="java.lang.Integer" >
                <column name="client_id" />
                
            </property>
            <property name="utypeId" type="java.lang.Integer" >
                <column name="utype_id" />
            </property>
            <property name="userName" type="java.lang.String" >
                <column name="user_name" length="320" />
            </property>
            <property name="password" type="java.lang.String">
                <column name="password" length="40" />
            </property>
            <property name="locale" type="java.lang.String" >
                <column name="locale" length="20" />
            </property>
            <property name="isActive" type="java.lang.String" >
                <column name="is_active" length="1" />
            </property>
            <property name="contactNo" type="java.lang.String" >
                <column name="contact_no" length="20" />
            </property>
            <property name="lastLoginTime" type="java.sql.Timestamp" >
                <column name="last_login_time" length="19" />
            </property>
            <property name="udf1" type="java.lang.String" >
                <column name="udf1" length="1000" />
            </property>
            <property name="udf2" type="java.lang.String" >
                <column name="udf2" length="1000" />
            </property>
            <property name="udf3" type="java.lang.String" >
                <column name="udf3" length="1000" />
            </property>
            <property name="udf4" type="java.lang.String" >
                <column name="udf4" length="1000" />
            </property>
            <property name="udf5" type="java.lang.String" >
                            <column name="udf5" length="1000" />
            </property>
            <property name="flag1" type="java.lang.String" >
                <column name="flag1" length="1" />
            </property>
            <property name="flag2" type="java.lang.String" >
                <column name="flag2" length="1" />
            </property>
            <property name="flag3" type="java.lang.String" >
                <column name="flag3" length="1" />
            </property>
            <property name="flag4" type="java.lang.String" >
                            <column name="flag4" length="1" />
            </property>
            <property name="flag5" type="java.lang.String" >
                <column name="flag5" length="1" />
            </property>
            <property name="createdOn" type="java.sql.Timestamp" >
                <column name="created_on" length="19" />
            </property>
            <property name="lastModifiedOn" type="java.sql.Timestamp" >
                <column name="last_modified_on" length="19" />
            </property>
            <property name="lastModifiedBy" type="java.lang.Integer" >
                <column name="last_modified_by" />
            </property>
            
            <many-to-one name="userType"
			class="com.mobisols.tollpayments.hibernate.entity.UserType"
			column="utype_id"
			property-ref="userTypeId"
			insert="false"
			update="false"
			cascade="save-update"
			/>
			
			<many-to-one name="userPaymentDetails"
			class="com.mobisols.tollpayments.hibernate.entity.UserPaymentDetail"
			column="user_id"
			property-ref="userId"
			insert="false"
			update="false"
			cascade="save-update"
			unique="true"/>
			
			<many-to-one name="userBalance"
			class="com.mobisols.tollpayments.hibernate.entity.UserBalance"
			column="user_id"
			property-ref="userId"
			insert="false"
			update="false"
			cascade="save-update"
			unique="true"/>
			
		     <set
                name="userVehicles" inverse="true">
                <key update="false" >
                    <column name="user_id" not-null="true"/>
                </key>
                <one-to-many
                    class="com.mobisols.tollpayments.hibernate.entity.UserVehicle"
                />
            </set>
			
             
             
            <filter name="clientIdFilter" condition=":clientId = client_id"/>
    </class>
    <filter-def name="clientIdFilter">
    	<filter-param name="clientId" type="java.lang.Integer"/>
	</filter-def>
</hibernate-mapping>
