<?xml version="1.0" encoding="utf-8"?>
<!DOCTYPE hibernate-mapping PUBLIC "-//Hibernate/Hibernate Mapping DTD 3.0//EN"
"http://hibernate.sourceforge.net/hibernate-mapping-3.0.dtd">
<!-- 
    Mapping file autogenerated by MyEclipse Persistence Tools
-->
<hibernate-mapping>
    <class name="com.mobisols.tollpayments.hibernate.entity.UserService" table="user_service" catalog="globaltoll">
            <id name="userServiceId" type="java.lang.Integer">
                <column name="user_service_id" />
            </id>
            <property name="userId" type="java.lang.Integer">
                <column name="user_id" />
            </property>
            <property name="serviceId" type="java.lang.Integer">
                <column name="service_id" />
            </property>
            <property name="startDate" type="java.sql.Timestamp">
                <column name="start_date" length="19" />
            </property>
            <property name="endDate" type="java.sql.Timestamp">
                <column name="end_date" length="19" />
            </property>
            <property name="priority" type="java.lang.Integer">
                <column name="priority" />
            </property>
            <property name="udf1" type="java.lang.String">
                <column name="udf1" length="1000" />
            </property>
            <property name="udf2" type="java.lang.String">
                <column name="udf2" length="1000" />
            </property>
            <property name="udf3" type="java.lang.String">
                <column name="udf3" length="1000" />
            </property>
            <property name="udf4" type="java.lang.String">
                <column name="udf4" length="1000" />
            </property>
            <property name="udf5" type="java.lang.String">
                <column name="udf5" length="1000" />
            </property>
            <property name="flag1" type="java.lang.String">
                <column name="flag1" length="1" />
            </property>
            <property name="flag2" type="java.lang.String">
                <column name="flag2" length="1" />
            </property>
            <property name="flag3" type="java.lang.String">
                <column name="flag3" length="1" />
            </property>
            <property name="flag4" type="java.lang.String">
                <column name="flag4" length="1" />
            </property>
            <property name="flag5" type="java.lang.String">
                <column name="flag5" length="1" />
            </property>
            <property name="createdOn" type="java.sql.Timestamp">
                <column name="created_on" length="19" />
            </property>
            <property name="lastModifiedOn" type="java.sql.Timestamp">
                <column name="last_modified_on" length="19" />
            </property>
            <property name="lastModifiedBy" type="java.lang.Integer">
                <column name="last_modified_by" />
            </property>
            <property name="clientId" type="java.lang.Integer">
                <column name="client_id" />
            </property>
            <many-to-one name="servicePlan"
                class="com.mobisols.tollpayments.hibernate.entity.ServicePlan"
				column="service_id"
				cascade="save-update"
				insert="false"
			update="false"
				unique="true"/>
				
			<many-to-one name="user"
                class="com.mobisols.tollpayments.hibernate.entity.User"
				column="user_id"
				cascade="save-update"
				insert="false"
			update="false"
				unique="true"/>	
				
    <filter name="clientIdFilter" condition=":clientId = client_id"/>
    </class>
    <filter-def name="clientIdFilter">
    	<filter-param name="clientId" type="java.lang.Integer"/>
	</filter-def>
</hibernate-mapping>
