<?xml version="1.0" encoding="utf-8"?>
<!DOCTYPE hibernate-mapping PUBLIC "-//Hibernate/Hibernate Mapping DTD 3.0//EN"
"http://hibernate.sourceforge.net/hibernate-mapping-3.0.dtd">
<!-- 
    Mapping file autogenerated by MyEclipse Persistence Tools
-->
<hibernate-mapping>
    <class name="com.mobisols.tollpayments.hibernate.entity.VehicleMovementLog" table="vehicle_movement_log" catalog="globaltoll">
            <id name="vmlId" type="java.lang.Integer">
                <column name="vml_id" />
                <generator class="native"/>
            </id>
            <property name="vmlTypeId" type="java.lang.Integer">
                <column name="vml_type_id" />
            </property>
            <property name="uvhId" type="java.lang.Integer">
                <column name="uvh_id" />
            </property>
            <property name="tollLocationId" type="java.lang.Integer">
                <column name="toll_location_id" />
            </property>
            <property name="geometry" type="java.lang.String">
                <column name="geometry" />
            </property>
            <property name="timestamp" type="java.sql.Timestamp">
                <column name="timestamp" length="19" />
            </property>
            <property name="udf1" type="java.lang.String">
                <column name="udf1" length="1000" />
            </property>
            <property name="udf2" type="java.lang.String">
                <column name="udf2" length="1000" />
            </property>
            <property name="udf3" type="java.lang.String">
                <column name="udf3" length="1000" />
            </property>
            <property name="udf4" type="java.lang.String">
                <column name="udf4" length="1000" />
            </property>
            <property name="udf5" type="java.lang.String">
                <column name="udf5" length="1000" />
            </property>
            <property name="flag1" type="java.lang.String">
                <column name="flag1" length="1" />
            </property>
            <property name="flag2" type="java.lang.String">
                <column name="flag2" length="1" />
            </property>
            <property name="flag3" type="java.lang.String">
                <column name="flag3" length="1" />
            </property>
            <property name="flag4" type="java.lang.String">
                <column name="flag4" length="1" />
            </property>
            <property name="flag5" type="java.lang.String">
                <column name="flag5" length="1" />
            </property>
            <property name="lastModifiedOn" type="java.sql.Timestamp">
                <column name="last_modified_on" length="19" />
            </property>
            <property name="lastModifiedBy" type="java.lang.Integer">
                <column name="last_modified_by" />
            </property>
            <property name="createdOn" type="java.sql.Timestamp">
                <column name="created_on" length="19" />
            </property>
            <property name="clientId" type="java.lang.Integer">
                <column name="client_id" />
            </property>
            <property name="latitude" type="java.lang.Double">
                <column name="latitude" precision="9" scale="6" />
            </property>
            <property name="longitude" type="java.lang.Double">
                <column name="longitude" precision="9" scale="6" />
            </property>
            <property name="status" type="java.lang.String">
                <column name="status" length="45" />
            </property>
            <property name="tollSessionId" type="java.lang.String">
                <column name="toll_session_id" length="1000" />
            </property>
            <property name="distance" type="java.lang.Double">
                <column name="distance" />
            </property>
            <many-to-one name="tollLocation"
                class="com.mobisols.tollpayments.hibernate.entity.TollLocation"
				column="toll_location_id"
				cascade="save-update"
				insert="false"
			update="false"
				unique="true"/>
				
            
            <many-to-one name="vmlType"
                class="com.mobisols.tollpayments.hibernate.entity.VmlType"
				column="vml_type_id"
				cascade="save-update"
				insert="false"
			update="false"
				unique="true"/>
				
			<many-to-one name="userVehicleHistory"
                class="com.mobisols.tollpayments.hibernate.entity.UserVehicleHistory"
				column="uvh_id"
				cascade="save-update"
				insert="false"
			update="false"
				unique="true"/>
            	
            <filter name="clientIdFilter" condition=":clientId = client_id"/>
    </class>
    <filter-def name="clientIdFilter">
    	<filter-param name="clientId" type="java.lang.Integer"/>
	</filter-def>
</hibernate-mapping>
