<?xml version="1.0" encoding="utf-8"?>
<!DOCTYPE hibernate-mapping PUBLIC "-//Hibernate/Hibernate Mapping DTD 3.0//EN"
"http://hibernate.sourceforge.net/hibernate-mapping-3.0.dtd">
<!-- 
    Mapping file autogenerated by MyEclipse Persistence Tools
-->
<hibernate-mapping>
<meta attribute="class-description">This has details of component version</meta>
    <class name="com.mobisols.tollpayments.model.ComponentVersion" table="component_version" catalog="globaltoll">
            <id name="compVersionId" type="java.lang.Integer">
                <column name="comp_version_id" />
            </id>
            <property name="componentId" type="java.lang.Integer" >
                <column name="component_id" />
            </property>
            <property name="description" type="java.lang.String" >
                <column name="description" length="45" />
            </property>
            <property name="listOfChanges" type="java.lang.String" >
                <column name="list_of_changes" length="4000" />
            </property>
            <property name="udf1" type="java.lang.String">
                <column name="udf1" length="1000" />
            </property>
            <property name="udf2" type="java.lang.String">
                <column name="udf2" length="1000" />
            </property>
            <property name="udf3" type="java.lang.String">
                <column name="udf3" length="1000" />
            </property>
            <property name="udf4" type="java.lang.String">
                <column name="udf4" length="1000" />
            </property>
            <property name="udf5" type="java.lang.String">
                <column name="udf5" length="1000" />
            </property>
            <property name="flag1" type="java.lang.String">
                <column name="flag1" length="1" />
            </property>
            <property name="flag2" type="java.lang.String">
                <column name="flag2" length="1" />
            </property>
            <property name="flag3" type="java.lang.String">
                <column name="flag3" length="1" />
            </property>
            <property name="flag4" type="java.lang.String">
                <column name="flag4" length="1" />
            </property>
            <property name="flag5" type="java.lang.String">
                <column name="flag5" length="1" />
            </property>
            <property name="createdOn" type="java.sql.Timestamp">
                <column name="created_on" length="19" />
            </property>
            <property name="lastModifiedOn" type="java.sql.Timestamp">
                <column name="last_modified_on" length="19" />
            </property>
            <property name="lastModifiedBy" type="java.lang.Integer">
                <column name="last_modified_by" />
            </property>
            <property name="version" type="java.lang.String">
                <column name="version" length="20" />
            </property>
           <many-to-one name="component"
             class="com.mobisols.tollpayments.model.Component"
				column="component_id"
				property-ref="componentId"
				cascade="save-update"
				insert="false"
				update="false"
				unique="true"/>
				
			<set
                name="configuration" inverse="true">
                <key update="false" >
                    <column name="comp_version_id" not-null="true"/>
                </key>
                <one-to-many
                    class="com.mobisols.tollpayments.model.Configuration"
                />
            </set>
    </class>
</hibernate-mapping>
