<?xml version="1.0" encoding="utf-8"?>
<!DOCTYPE hibernate-mapping PUBLIC "-//Hibernate/Hibernate Mapping DTD 3.0//EN"
"http://hibernate.sourceforge.net/hibernate-mapping-3.0.dtd">
<!-- 
    Mapping file autogenerated by MyEclipse Persistence Tools
-->
<hibernate-mapping>
    <class name="com.mobisols.tollpayments.model.TollLocationHistory" table="toll_location_history" catalog="globaltoll">
            <id name="tlhId" type="java.lang.Integer">
                <column name="tlh_id" />
            </id>
            <property name="tollLocationId" type="java.lang.Integer">
                <column name="toll_location_id" />
            </property>
            <property name="tollOperatorId" type="java.lang.Integer">
                <column name="toll_operator_id" />
            </property>
            <property name="isCovered" type="java.lang.String">
                <column name="is_covered" length="1" />
            </property>
            <property name="isCashOnly" type="java.lang.String">
                <column name="is_cash_only" length="1" />
            </property>
            <property name="address1" type="java.lang.String">
                <column name="address1" length="45" />
            </property>
            <property name="address2" type="java.lang.String">
                <column name="address2" length="45" />
            </property>
            <property name="city" type="java.lang.String">
                <column name="city" length="50" />
            </property>
            <property name="state" type="java.lang.String">
                <column name="state" length="50" />
            </property>
            <property name="country" type="java.lang.String">
                <column name="country" length="70" />
            </property>
            <property name="zip" type="java.lang.String">
                <column name="zip" length="6" />
            </property>
            <property name="udf1" type="java.lang.String">
                <column name="udf1" length="1000" />
            </property>
            <property name="udf2" type="java.lang.String">
                <column name="udf2" length="1000" />
            </property>
            <property name="udf3" type="java.lang.String">
                <column name="udf3" length="1000" />
            </property>
            <property name="udf4" type="java.lang.String">
                <column name="udf4" length="1000" />
            </property>
            <property name="udf5" type="java.lang.String">
                <column name="udf5" length="1000" />
            </property>
            <property name="flag1" type="java.lang.String">
                <column name="flag1" length="1" />
            </property>
            <property name="flag2" type="java.lang.String">
                <column name="flag2" length="1" />
            </property>
            <property name="flag3" type="java.lang.String">
                <column name="flag3" length="1" />
            </property>
            <property name="flag4" type="java.lang.String">
                <column name="flag4" length="1" />
            </property>
            <property name="flag5" type="java.lang.String">
                <column name="flag5" length="1" />
            </property>
            <property name="createdOn" type="java.sql.Timestamp">
                <column name="created_on" length="19" />
            </property>
            <property name="lastModifiedOn" type="java.sql.Timestamp">
                <column name="last_modified_on" length="19" />
            </property>
            <property name="lastModifiedBy" type="java.lang.Integer">
                <column name="last_modified_by" />
            </property>
            <property name="startDate" type="java.sql.Timestamp">
                <column name="start_date" length="19" />
            </property>
            <property name="endDate" type="java.sql.Timestamp">
                <column name="end_date" length="19" />
            </property>
            <property name="action" type="java.lang.String">
                <column name="action" length="20" />
            </property>
            <property name="clientId" type="java.lang.Integer">
                <column name="client_id" />
            </property>
            <property name="latitude" type="java.lang.Double">
                <column name="latitude" precision="3" scale="3" />
            </property>
            <property name="longitude" type="java.lang.Double">
                <column name="longitude" precision="3" scale="3" />
            </property>
            <many-to-one name="tollLocation"
                class="com.mobisols.tollpayments.model.TollLocation"
				column="toll_location_id"
				cascade="save-update"
				insert="false"
			    update="false"
				unique="true"/>
				
			<many-to-one name="tollOperator"
                class="com.mobisols.tollpayments.model.TollOperator"
				column="toll_operator_id"
				cascade="save-update"
				insert="false"
			    update="false"
				unique="true"/>	
			
    <filter name="clientIdFilter" condition=":clientId = client_id"/>
    </class>
    <filter-def name="clientIdFilter">
    	<filter-param name="clientId" type="java.lang.Integer"/>
	</filter-def>
</hibernate-mapping>
