<?xml version="1.0" encoding="utf-8"?>
<!DOCTYPE hibernate-mapping PUBLIC "-//Hibernate/Hibernate Mapping DTD 3.0//EN"
"http://hibernate.sourceforge.net/hibernate-mapping-3.0.dtd">
<!-- 
    Mapping file autogenerated by MyEclipse Persistence Tools
-->
<hibernate-mapping>
    <class name="com.mobisols.tollpayments.model.UserPaymentDetailHistory" table="user_payment_detail_history" catalog="globaltoll">
        <id name="updhId" type="java.lang.Integer">
                <column name="updh_id" />
            </id>
            <property name="updId" type="java.lang.Integer">
                <column name="upd_id" />
            </property>
            <property name="userId" type="java.lang.Integer">
                <column name="user_id" />
            </property>
            <property name="ccTypeId" type="java.lang.Integer">
                <column name="cc_type_id" />
            </property>
            <property name="ccAcName" type="java.lang.String">
                <column name="cc_ac_name" length="45" />
            </property>
            <property name="ccNumber" type="java.lang.String">
                <column name="cc_number" length="15" />
            </property>
            <property name="ccExpMonth" type="java.lang.Integer">
                <column name="cc_exp_month" />
            </property>
            <property name="ccExpYear" type="java.util.Date">
                <column name="cc_exp_year" length="0" />
            </property>
            <property name="ccCvv" type="java.lang.Integer">
                <column name="cc_cvv" />
            </property>
            <property name="bankRouting" type="java.lang.Integer">
                <column name="bank_routing" precision="9" scale="0" />
            </property>
            <property name="bankAccount" type="java.lang.Long">
                <column name="bank_account" precision="10" scale="0" />
            </property>
            <property name="address1" type="java.lang.String">
                <column name="address1" length="100" />
            </property>
            <property name="address2" type="java.lang.String">
                <column name="address2" length="100" />
            </property>
            <property name="city" type="java.lang.String">
                <column name="city" length="100" />
            </property>
            <property name="state" type="java.lang.String">
                <column name="state" length="100" />
            </property>
            <property name="country" type="java.lang.String">
                <column name="country" length="100" />
            </property>
            <property name="ziip" type="java.lang.String">
                <column name="ziip" length="10" />
            </property>
            <property name="payPrefer" type="java.lang.String">
                <column name="pay_prefer" length="1" />
            </property>
            <property name="action" type="java.lang.String">
                <column name="action" length="20" />
            </property>
            <property name="udf1" type="java.lang.String">
                <column name="udf1" length="1000" />
            </property>
            <property name="udf2" type="java.lang.String">
                <column name="udf2" length="1000" />
            </property>
            <property name="udf3" type="java.lang.String">
                <column name="udf3" length="1000" />
            </property>
            <property name="udf4" type="java.lang.String">
                <column name="udf4" length="1000" />
            </property>
            <property name="udf5" type="java.lang.String">
                <column name="udf5" length="1000" />
            </property>
            <property name="flag1" type="java.lang.String">
                <column name="flag1" length="1" />
            </property>
            <property name="flag2" type="java.lang.String">
                <column name="flag2" length="1" />
            </property>
            <property name="flag3" type="java.lang.String">
                <column name="flag3" length="1" />
            </property>
            <property name="flag4" type="java.lang.String">
                <column name="flag4" length="1" />
            </property>
            <property name="flag5" type="java.lang.String">
                <column name="flag5" length="1" />
            </property>
            <property name="createdOn" type="java.sql.Timestamp">
                <column name="created_on" length="19" />
            </property>
            <property name="lastModifiedOn" type="java.sql.Timestamp">
                <column name="last_modified_on" length="19" />
            </property>
            <property name="lastModifiedBy" type="java.sql.Timestamp">
                <column name="last_modified_by" length="19" />
            </property>
            <property name="startDate" type="java.sql.Timestamp">
                <column name="start_date" length="19" />
            </property>
            <property name="endDate" type="java.sql.Timestamp">
                <column name="end_date" length="19" />
            </property>
            <property name="clientId" type="java.lang.Integer">
                <column name="client_id" />
            </property>
            
            <many-to-one name="userPaymentDetail"
			class="com.mobisols.tollpayments.model.UserPaymentDetail"
			column="upd_id"
			cascade="save-update"
			insert="false"
			update="false"
			unique="true"/>
			
             
    <filter name="clientIdFilter" condition=":clientId = client_id"/>
    </class>
    <filter-def name="clientIdFilter">
    	<filter-param name="clientId" type="java.lang.Integer"/>
	</filter-def>
</hibernate-mapping>
