<?xml version="1.0" encoding="utf-8"?>
<!DOCTYPE hibernate-mapping PUBLIC "-//Hibernate/Hibernate Mapping DTD 3.0//EN"
"http://hibernate.sourceforge.net/hibernate-mapping-3.0.dtd">
<!-- 
    Mapping file autogenerated by MyEclipse Persistence Tools
-->
<hibernate-mapping>
    <class name="com.mobisols.tollpayments.model.UserVehicleHistory" table="user_vehicle_history" catalog="globaltoll">
        <id name="uvhId" type="java.lang.Integer">
                <column name="uvh_id" />
            </id>
            <property name="userVehicleId" type="java.lang.Integer">
                <column name="user_vehicle_id" />
            </property>
            <property name="userId" type="java.lang.Integer">
                <column name="user_id" />
            </property>
            <property name="vehicleTypeId" type="java.lang.Integer">
                <column name="vehicle_type_id" />
            </property>
            <property name="isActive" type="java.lang.String">
                <column name="is_active" length="1" />
            </property>
            <property name="vehicleStartDate" type="java.sql.Timestamp">
                <column name="vehicle_start_date" length="19" />
            </property>
            <property name="vehicleEndDate" type="java.sql.Timestamp">
                <column name="vehicle_end_date" length="19" />
            </property>
            <property name="registrationNo" type="java.lang.String">
                <column name="registration_no" length="45" />
            </property>
            <property name="registeredState" type="java.lang.String">
                <column name="registered_state" length="45" />
            </property>
            <property name="ownerId" type="java.lang.Integer">
                <column name="owner_type_id" />
            </property>
            <property name="udf1" type="java.lang.String">
                <column name="udf1" length="1000" />
            </property>
            <property name="udf2" type="java.lang.String">
                <column name="udf2" length="1000" />
            </property>
            <property name="udf3" type="java.lang.String">
                <column name="udf3" length="1000" />
            </property>
            <property name="udf4" type="java.lang.String">
                <column name="udf4" length="1000" />
            </property>
            <property name="udf5" type="java.lang.String">
                <column name="udf5" length="1000" />
            </property>
            <property name="flag1" type="java.lang.String">
                <column name="flag1" length="1" />
            </property>
            <property name="flag2" type="java.lang.String">
                <column name="flag2" length="1" />
            </property>
            <property name="flag3" type="java.lang.String">
                <column name="flag3" length="1" />
            </property>
            <property name="flag4" type="java.lang.String">
                <column name="flag4" length="1" />
            </property>
            <property name="flag5" type="java.lang.String">
                <column name="flag5" length="1" />
            </property>
            <property name="createdOn" type="java.sql.Timestamp">
                <column name="created_on" length="19" />
            </property>
            <property name="lastModifiedOn" type="java.sql.Timestamp">
                <column name="last_modified_on" length="19" />
            </property>
            <property name="lastModifiedBy" type="java.lang.Integer">
                <column name="last_modified_by" />
            </property>
            <property name="startDate" type="java.sql.Timestamp">
                <column name="start_date" length="19" />
            </property>
            <property name="endDate" type="java.sql.Timestamp">
                <column name="end_date" length="19" />
            </property>
            <property name="action" type="java.lang.String">
                <column name="action" length="20" />
            </property>
            <property name="clientId" type="java.lang.Integer">
                <column name="client_id" />
            </property>
            
            <many-to-one name="userVehicle"
			class="com.mobisols.tollpayments.model.UserVehicle"
			column="user_vehicle_id"
			cascade="save-update"
			insert="false"
			update="false"
			unique="true"/>
            
            <set name="tollDetails" inverse="true">
             <key update="false">
             <column name="uvh_id" not-null="true"/>
             </key>
             <one-to-many
                class="com.mobisols.tollpayments.model.VehicleTollUsage"
                />
             </set>
            
   <filter name="clientIdFilter" condition=":clientId = client_id"/>
    </class>
    <filter-def name="clientIdFilter">
    	<filter-param name="clientId" type="java.lang.Integer"/>
	</filter-def>
</hibernate-mapping>
