<?xml version='1.0' encoding='UTF-8'?>
<!DOCTYPE hibernate-configuration PUBLIC
          "-//Hibernate/Hibernate Configuration DTD 3.0//EN"
          "http://hibernate.sourceforge.net/hibernate-configuration-3.0.dtd">

<!-- Generated by MyEclipse Hibernate Tools.                   -->
<hibernate-configuration>

	<session-factory>
		<property name="dialect">
			org.hibernate.dialect.MySQLDialect
		</property>
		<property name="connection.url">
			jdbc:mysql://localhost/globaltoll
		</property>
		<property name="connection.username">root</property>
		<property name="connection.password">Ameoba1947</property>
		<property name="connection.driver_class">
			com.mysql.jdbc.Driver
		</property>
		<property name="myeclipse.connection.profile">mysql</property>

		<mapping
			resource="com/mobisols/tollpayments/hibernate/mapping/CcType.hbm.xml" />

		<mapping
			resource="com/mobisols/tollpayments/hibernate/mapping/Client.hbm.xml" />

		<mapping
			resource="com/mobisols/tollpayments/hibernate/mapping/Component.hbm.xml" />

		<mapping
			resource="com/mobisols/tollpayments/hibernate/mapping/ComponentVersion.hbm.xml" />

		<mapping
			resource="com/mobisols/tollpayments/hibernate/mapping/Configuration.hbm.xml" />
       
       <mapping
			resource="com/mobisols/tollpayments/hibernate/mapping/Device.hbm.xml" />

       <mapping
			resource="com/mobisols/tollpayments/hibernate/mapping/DeviceHistory.hbm.xml" />
			
		<mapping
			resource="com/mobisols/tollpayments/hibernate/mapping/OwnerType.hbm.xml" />

		<mapping
			resource="com/mobisols/tollpayments/hibernate/mapping/PaymentTransaction.hbm.xml" />

		<mapping
			resource="com/mobisols/tollpayments/hibernate/mapping/Road.hbm.xml" />

		<mapping
			resource="com/mobisols/tollpayments/hibernate/mapping/ServicePlan.hbm.xml" />

		<mapping
			resource="com/mobisols/tollpayments/hibernate/mapping/TollLocation.hbm.xml" />

		<mapping
			resource="com/mobisols/tollpayments/hibernate/mapping/TollLocationHistory.hbm.xml" />

		<mapping
			resource="com/mobisols/tollpayments/hibernate/mapping/TollOperator.hbm.xml" />

		<mapping
			resource="com/mobisols/tollpayments/hibernate/mapping/TollPrice.hbm.xml" />

		<mapping
			resource="com/mobisols/tollpayments/hibernate/mapping/TollPriceHistory.hbm.xml" />

		<mapping
			resource="com/mobisols/tollpayments/hibernate/mapping/User.hbm.xml" />

		<mapping
			resource="com/mobisols/tollpayments/hibernate/mapping/UserBalance.hbm.xml" />

		<mapping
			resource="com/mobisols/tollpayments/hibernate/mapping/UserBalanceLog.hbm.xml" />

		<mapping
			resource="com/mobisols/tollpayments/hibernate/mapping/UserHistory.hbm.xml" />


		<mapping
			resource="com/mobisols/tollpayments/hibernate/mapping/UserNotification.hbm.xml" />

		<mapping
			resource="com/mobisols/tollpayments/hibernate/mapping/UserNotificationSettings.hbm.xml" />

		<mapping
			resource="com/mobisols/tollpayments/hibernate/mapping/UserNotificationType.hbm.xml" />

		<mapping
			resource="com/mobisols/tollpayments/hibernate/mapping/UserPaymentDetail.hbm.xml" />

		<mapping
			resource="com/mobisols/tollpayments/hibernate/mapping/UserPaymentDetailHistory.hbm.xml" />


		<mapping
			resource="com/mobisols/tollpayments/hibernate/mapping/UserService.hbm.xml" />

		<mapping
			resource="com/mobisols/tollpayments/hibernate/mapping/UserType.hbm.xml" />

		<mapping
			resource="com/mobisols/tollpayments/hibernate/mapping/UserVehicle.hbm.xml" />

		<mapping
			resource="com/mobisols/tollpayments/hibernate/mapping/UserVehicleHistory.hbm.xml" />

		<mapping
			resource="com/mobisols/tollpayments/hibernate/mapping/VehicleMovementLog.hbm.xml" />

		<mapping
			resource="com/mobisols/tollpayments/hibernate/mapping/VehicleTollUsage.hbm.xml" />

		<mapping
			resource="com/mobisols/tollpayments/hibernate/mapping/VehicleType.hbm.xml" />

		<mapping
			resource="com/mobisols/tollpayments/hibernate/mapping/VmlType.hbm.xml" />

	</session-factory>

</hibernate-configuration>